[{"model": "main_app.category", "pk": 1, "fields": {"name": "ubrania, które nadają się do ponownego użycia"}}, {"model": "main_app.category", "pk": 2, "fields": {"name": "ubrania, do wyrzucenia"}}, {"model": "main_app.category", "pk": 3, "fields": {"name": "zabawki"}}, {"model": "main_app.category", "pk": 4, "fields": {"name": "książki"}}, {"model": "main_app.category", "pk": 5, "fields": {"name": "inne"}}, {"model": "main_app.institution", "pk": 1, "fields": {"name": "Fundacja \"Bez domu\"", "description": "Pomoc dla osób nie posiadających miejsca zamieszkania", "type": "foundation", "categories": [1, 4]}}, {"model": "main_app.institution", "pk": 2, "fields": {"name": "Fundacja \"Dla dzieci\"", "description": "Pomoc osobom znajdującym się w trudnej sytuacji życiowej", "type": "foundation", "categories": [1, 3, 4]}}, {"model": "main_app.institution", "pk": 3, "fields": {"name": "Organizacja 'Żyrafa'", "description": "Dajemy wszystko żyrafom", "type": "non-governmental organization", "categories": [2, 3]}}, {"model": "main_app.institution", "pk": 4, "fields": {"name": "Organizacja 'Hipopotam'", "description": "Oddajemy wszystko hipopotamom", "type": "non-governmental organization", "categories": [2, 3]}}, {"model": "main_app.institution", "pk": 5, "fields": {"name": "Zbiórka u Ździcha", "description": "Ździchu zbiera wasze stare graty", "type": "local collection", "categories": [1, 2, 4, 5]}}, {"model": "main_app.institution", "pk": 6, "fields": {"name": "Zbiórka pod szkołą", "description": "Pod szkołą będzie zbiórka", "type": "local collection", "categories": [3, 4]}}, {"model": "main_app.institution", "pk": 7, "fields": {"name": "Fundacja 3", "description": "Trzecia fundacja", "type": "foundation", "categories": [2, 5]}}, {"model": "main_app.institution", "pk": 8, "fields": {"name": "Fundacja 4", "description": "Czwarta fundacja", "type": "foundation", "categories": [3]}}, {"model": "main_app.institution", "pk": 9, "fields": {"name": "Fundacja 5", "description": "Piata fundacja", "type": "foundation", "categories": [1]}}, {"model": "main_app.institution", "pk": 10, "fields": {"name": "Fundacja 6", "description": "Szósta fundacja", "type": "foundation", "categories": [2]}}, {"model": "main_app.institution", "pk": 11, "fields": {"name": "Fundacja 7", "description": "Siódma fundacja", "type": "foundation", "categories": [4]}}, {"model": "main_app.institution", "pk": 12, "fields": {"name": "Organizacja 3", "description": "Trzecia Organizacja", "type": "non-governmental organization", "categories": [2, 5]}}, {"model": "main_app.institution", "pk": 13, "fields": {"name": "Organizcja 4", "description": "Czwarta organizacja", "type": "non-governmental organization", "categories": [1, 2, 3]}}, {"model": "main_app.institution", "pk": 14, "fields": {"name": "Organizacja 5", "description": "Organizacja piąta", "type": "non-governmental organization", "categories": [3, 4]}}, {"model": "main_app.institution", "pk": 15, "fields": {"name": "Organizacja 6", "description": "Szósta organizacja", "type": "non-governmental organization", "categories": [4]}}, {"model": "main_app.institution", "pk": 16, "fields": {"name": "Organizacja 7", "description": "Siódma organizacja", "type": "non-governmental organization", "categories": [3]}}, {"model": "main_app.institution", "pk": 17, "fields": {"name": "Zbiórka 3", "description": "Trzecia zbiórka", "type": "local collection", "categories": [4]}}, {"model": "main_app.institution", "pk": 18, "fields": {"name": "Zbiórka 4", "description": "Czwarta zbiórka", "type": "local collection", "categories": [1]}}, {"model": "main_app.institution", "pk": 19, "fields": {"name": "Fundacja 8", "description": "Ósma fundacja", "type": "foundation", "categories": [3, 4]}}, {"model": "main_app.institution", "pk": 20, "fields": {"name": "Fundacja 9", "description": "Dziewiąta fundacja", "type": "foundation", "categories": [1, 4]}}, {"model": "main_app.institution", "pk": 21, "fields": {"name": "Fundacja 10", "description": "Dziesiąta fundacja", "type": "foundation", "categories": [2]}}, {"model": "main_app.institution", "pk": 22, "fields": {"name": "Fundacja 11", "description": "Jedenasta fundacja", "type": "foundation", "categories": [3]}}, {"model": "main_app.institution", "pk": 23, "fields": {"name": "Fundacja 12", "description": "Dwunasta fundacja", "type": "foundation", "categories": [2, 3]}}, {"model": "main_app.donation", "pk": 10, "fields": {"quantity": 3, "institution": 5, "address": "Literacka 12", "phone_number": "123554667", "city": "Warszawa", "zip_code": "05-923", "pick_up_date": "2022-04-18", "pick_up_time": "00:32:00", "pick_up_comment": "", "user": 14, "is_taken": false, "categories": [4]}}, {"model": "main_app.donation", "pk": 11, "fields": {"quantity": 4, "institution": 6, "address": "Rubinowa 14", "phone_number": "656432432", "city": "Rubin", "zip_code": "65-324", "pick_up_date": "2022-04-16", "pick_up_time": "11:21:00", "pick_up_comment": "Prosze dzwonić przed przyjazdem", "user": 14, "is_taken": true, "categories": [3, 4]}}, {"model": "main_app.donation", "pk": 12, "fields": {"quantity": 3, "institution": 5, "address": "Kwiatowa 5", "phone_number": "213535123", "city": "Nowa Wieś", "zip_code": "34-535", "pick_up_date": "2022-04-20", "pick_up_time": "15:00:00", "pick_up_comment": "", "user": 14, "is_taken": false, "categories": [1]}}, {"model": "main_app.donation", "pk": 13, "fields": {"quantity": 1, "institution": 3, "address": "Literacka 12", "phone_number": "123143566", "city": "Warszawa", "zip_code": "00-001", "pick_up_date": "2022-04-16", "pick_up_time": "04:19:00", "pick_up_comment": "Proszę dzwonić przed przyjazdem", "user": 14, "is_taken": true, "categories": [3]}}, {"model": "main_app.donation", "pk": 14, "fields": {"quantity": 1, "institution": 2, "address": "Literacka 12", "phone_number": "312234567", "city": "Warszawa", "zip_code": "05-923", "pick_up_date": "2022-04-18", "pick_up_time": "20:18:00", "pick_up_comment": "", "user": 14, "is_taken": false, "categories": [3]}}, {"model": "main_app.donation", "pk": 15, "fields": {"quantity": 1, "institution": 4, "address": "Literacka 12", "phone_number": "89756231", "city": "Warszawa", "zip_code": "05-923", "pick_up_date": "2022-04-18", "pick_up_time": "19:19:00", "pick_up_comment": "", "user": 14, "is_taken": false, "categories": [2]}}, {"model": "main_app.donation", "pk": 16, "fields": {"quantity": 2, "institution": 4, "address": "Literacka 12", "phone_number": "434678345", "city": "Warszawa", "zip_code": "05-923", "pick_up_date": "2022-04-16", "pick_up_time": "10:54:00", "pick_up_comment": "", "user": 14, "is_taken": true, "categories": [2]}}, {"model": "main_app.donation", "pk": 17, "fields": {"quantity": 7, "institution": 2, "address": "Literacka 12", "phone_number": "897562312", "city": "Warszawa", "zip_code": "56-789", "pick_up_date": "2022-04-18", "pick_up_time": "10:00:00", "pick_up_comment": "", "user": 14, "is_taken": false, "categories": [3, 4]}}, {"model": "main_app.donation", "pk": 18, "fields": {"quantity": 1, "institution": 1, "address": "Literacka 12", "phone_number": "897562312", "city": "Warszawa", "zip_code": "05-923", "pick_up_date": "2022-04-20", "pick_up_time": "15:20:00", "pick_up_comment": "", "user": 14, "is_taken": false, "categories": [4]}}, {"model": "main_app.donation", "pk": 19, "fields": {"quantity": 1, "institution": 3, "address": "Literacka 12", "phone_number": "123456781", "city": "Milanówek", "zip_code": "05-822", "pick_up_date": "2022-04-19", "pick_up_time": "14:31:00", "pick_up_comment": "", "user": 14, "is_taken": false, "categories": [3]}}, {"model": "main_app.donation", "pk": 20, "fields": {"quantity": 23, "institution": 4, "address": "Literacka 12", "phone_number": "123456781", "city": "Milanówek", "zip_code": "05-822", "pick_up_date": "2022-04-20", "pick_up_time": "05:06:00", "pick_up_comment": "", "user": 14, "is_taken": false, "categories": [2, 3]}}, {"model": "main_app.donation", "pk": 21, "fields": {"quantity": 7, "institution": 5, "address": "Literacka 12", "phone_number": "123456781", "city": "Milanówek", "zip_code": "05-822", "pick_up_date": "2022-04-18", "pick_up_time": "05:23:00", "pick_up_comment": "", "user": 14, "is_taken": false, "categories": [2]}}, {"model": "main_app.donation", "pk": 22, "fields": {"quantity": 12, "institution": 4, "address": "Literacka 12", "phone_number": "123456781", "city": "Milanówek", "zip_code": "05-822", "pick_up_date": "2022-04-21", "pick_up_time": "05:06:00", "pick_up_comment": "", "user": 14, "is_taken": false, "categories": [2, 3]}}, {"model": "main_app.donation", "pk": 23, "fields": {"quantity": 2, "institution": 5, "address": "Literacka 12", "phone_number": "123456781", "city": "Milanówek", "zip_code": "05-822", "pick_up_date": "2022-04-18", "pick_up_time": "02:00:00", "pick_up_comment": "Prosże dzownić", "user": 14, "is_taken": false, "categories": [2, 4]}}, {"model": "main_app.donation", "pk": 24, "fields": {"quantity": 3, "institution": 13, "address": "Literacka 12", "phone_number": "123456123", "city": "Milanówek", "zip_code": "05-923", "pick_up_date": "2023-06-18", "pick_up_time": "15:21:00", "pick_up_comment": "nie mam", "user": 14, "is_taken": false, "categories": [2, 3]}}]